date,month,month_label,region,category,channel,revenue,cost,orders,returns,rating,marketing_spend,gross_profit,gross_margin
2025-01-01,1,JAN,East,Beauty,Marketplace,129604,67264,62,2,4.33,9850,62340,48.1
2025-01-01,1,JAN,East,Electronics,Marketplace,216828,160236,35,2,4.09,16479,56592,26.1
2025-01-01,1,JAN,East,Fitness,Retail,111780,64721,40,1,4.45,8495,47059,42.1
2025-01-01,1,JAN,East,Grocery,Direct,147428,103052,102,2,4.29,10173,44376,30.1
2025-01-01,1,JAN,East,Home,Retail,166821,103262,48,2,4.21,12678,63559,38.1
2025-01-01,1,JAN,North,Beauty,Marketplace,149321,74810,71,2,4.33,11348,74511,49.9
2025-01-01,1,JAN,North,Electronics,Marketplace,260240,187633,42,2,4.09,19778,72607,27.9
2025-01-01,1,JAN,North,Fitness,Retail,126477,70954,45,1,4.45,9612,55523,43.9
2025-01-01,1,JAN,North,Grocery,Direct,172165,117244,119,2,4.29,11879,54921,31.9
2025-01-01,1,JAN,North,Home,Retail,196980,118385,56,2,4.21,14970,78595,39.9
2025-01-01,1,JAN,South,Beauty,Direct,139730,71681,67,2,4.37,9641,68049,48.7
2025-01-01,1,JAN,South,Electronics,Direct,237725,174252,38,2,4.13,16403,63473,26.7
2025-01-01,1,JAN,South,Fitness,Marketplace,119624,68545,43,1,4.41,9091,51079,42.7
2025-01-01,1,JAN,South,Grocery,Retail,159835,110766,110,2,4.29,12147,49069,30.7
2025-01-01,1,JAN,South,Home,Marketplace,181694,111378,52,2,4.17,13809,70316,38.7
2025-01-01,1,JAN,West,Beauty,Retail,165847,84084,79,2,4.37,12604,81763,49.3
2025-01-01,1,JAN,West,Electronics,Retail,287537,209039,46,2,4.13,21853,78498,27.3
2025-01-01,1,JAN,West,Fitness,Direct,140721,79789,50,2,4.45,9710,60932,43.3
2025-01-01,1,JAN,West,Grocery,Marketplace,190973,131198,132,3,4.25,14514,59775,31.3
2025-01-01,1,JAN,West,Home,Direct,218253,132480,62,2,4.21,15059,85773,39.3
2025-02-01,2,FEB,East,Beauty,Retail,127203,66018,61,2,4.38,9667,61185,48.1
2025-02-01,2,FEB,East,Electronics,Retail,212487,157028,34,2,4.14,16149,55459,26.1
2025-02-01,2,FEB,East,Fitness,Direct,109790,63568,39,1,4.46,7576,46222,42.1
2025-02-01,2,FEB,East,Grocery,Marketplace,144616,101087,100,2,4.26,10991,43529,30.1
2025-02-01,2,FEB,East,Home,Direct,163566,101247,47,2,4.22,11286,62319,38.1
2025-02-01,2,FEB,North,Beauty,Retail,146306,73299,70,2,4.38,11119,73007,49.9
2025-02-01,2,FEB,North,Electronics,Retail,254789,183703,41,2,4.14,19364,71086,27.9
2025-02-01,2,FEB,North,Fitness,Direct,123978,69552,44,1,4.46,8554,54426,43.9
2025-02-01,2,FEB,North,Grocery,Marketplace,168634,114840,116,2,4.26,12816,53794,31.9
2025-02-01,2,FEB,North,Home,Direct,192892,115928,55,2,4.22,13310,76964,39.9
2025-02-01,2,FEB,South,Beauty,Marketplace,137050,70307,65,2,4.34,10416,66743,48.7
2025-02-01,2,FEB,South,Electronics,Marketplace,232879,170700,38,2,4.1,17699,62179,26.7
2025-02-01,2,FEB,South,Fitness,Retail,117403,67272,42,1,4.46,8923,50131,42.7
2025-02-01,2,FEB,South,Grocery,Direct,156697,108591,108,2,4.3,10812,48106,30.7
2025-02-01,2,FEB,South,Home,Retail,178059,109150,51,2,4.22,13532,68909,38.7
2025-02-01,2,FEB,West,Beauty,Direct,162553,82414,77,2,4.38,11216,80139,49.3
2025-02-01,2,FEB,West,Electronics,Direct,281581,204709,45,2,4.14,19429,76872,27.3
2025-02-01,2,FEB,West,Fitness,Marketplace,137991,78241,49,2,4.42,10487,59750,43.3
2025-02-01,2,FEB,West,Grocery,Retail,187115,128548,129,2,4.3,14221,58567,31.3
2025-02-01,2,FEB,West,Home,Marketplace,213785,129767,61,2,4.18,16248,84018,39.3
2025-03-01,3,MAR,East,Beauty,Direct,137187,71200,65,2,4.4,9466,65987,48.1
2025-03-01,3,MAR,East,Electronics,Direct,230542,170371,37,2,4.16,15907,60171,26.1
2025-03-01,3,MAR,East,Fitness,Marketplace,118065,68360,42,1,4.44,8973,49705,42.1
2025-03-01,3,MAR,East,Grocery,Retail,156310,109261,108,2,4.32,11880,47049,30.1
2025-03-01,3,MAR,East,Home,Marketplace,177106,109629,51,2,4.2,13460,67477,38.1
2025-03-01,3,MAR,North,Beauty,Direct,158845,79581,76,2,4.4,10960,79264,49.9
2025-03-01,3,MAR,North,Electronics,Direct,277462,200050,45,2,4.16,19145,77412,27.9
2025-03-01,3,MAR,North,Fitness,Marketplace,134370,75382,48,2,4.44,10212,58988,43.9
2025-03-01,3,MAR,North,Grocery,Retail,183319,124840,126,2,4.32,13932,58479,31.9
2025-03-01,3,MAR,North,Home,Marketplace,209896,126147,60,2,4.2,15952,83749,39.9
2025-03-01,3,MAR,South,Beauty,Retail,148195,76024,71,2,4.4,11263,72171,48.7
2025-03-01,3,MAR,South,Electronics,Retail,253033,185473,41,2,4.16,19231,67560,26.7
2025-03-01,3,MAR,South,Fitness,Direct,126640,72565,45,1,4.48,8738,54075,42.7
2025-03-01,3,MAR,South,Grocery,Marketplace,169751,117637,117,2,4.28,12901,52114,30.7
2025-03-01,3,MAR,South,Home,Direct,193174,118416,55,2,4.24,13329,74758,38.7
2025-03-01,3,MAR,West,Beauty,Marketplace,176253,89360,84,2,4.36,13395,86893,49.3
2025-03-01,3,MAR,West,Electronics,Marketplace,306353,222719,49,2,4.12,23283,83634,27.3
2025-03-01,3,MAR,West,Fitness,Retail,149345,84679,53,2,4.48,11350,64666,43.3
2025-03-01,3,MAR,West,Grocery,Direct,203160,139571,140,3,4.32,14018,63589,31.3
2025-03-01,3,MAR,West,Home,Retail,232364,141045,66,2,4.24,17660,91319,39.3
2025-04-01,4,APR,East,Beauty,Marketplace,142323,73866,68,2,4.37,10817,68457,48.1
2025-04-01,4,APR,East,Electronics,Marketplace,239828,177233,39,2,4.13,18227,62595,26.1
2025-04-01,4,APR,East,Fitness,Retail,122321,70824,44,1,4.49,9296,51497,42.1
2025-04-01,4,APR,East,Grocery,Direct,162325,113465,112,2,4.33,11200,48860,30.1
2025-04-01,4,APR,East,Home,Retail,184071,113940,53,2,4.25,13989,70131,38.1
2025-04-01,4,APR,North,Beauty,Marketplace,165294,82812,79,2,4.37,12562,82482,49.9
2025-04-01,4,APR,North,Electronics,Marketplace,289123,208458,47,2,4.13,21973,80665,27.9
2025-04-01,4,APR,North,Fitness,Retail,139715,78380,50,2,4.49,10618,61335,43.9
2025-04-01,4,APR,North,Grocery,Direct,190873,129985,132,2,4.33,13170,60888,31.9
2025-04-01,4,APR,North,Home,Retail,218642,131404,62,2,4.25,16617,87238,39.9
2025-04-01,4,APR,South,Beauty,Direct,153928,78965,73,2,4.41,10621,74963,48.7
2025-04-01,4,APR,South,Electronics,Direct,263398,193071,42,2,4.17,18174,70327,26.7
2025-04-01,4,APR,South,Fitness,Marketplace,131391,75287,47,2,4.45,9986,56104,42.7
2025-04-01,4,APR,South,Grocery,Retail,176465,122290,122,2,4.33,13411,54175,30.7
2025-04-01,4,APR,South,Home,Marketplace,200949,123182,57,2,4.21,15272,77767,38.7
2025-04-01,4,APR,West,Beauty,Retail,183299,92933,87,2,4.41,13931,90366,49.3
2025-04-01,4,APR,West,Electronics,Retail,319094,231981,51,2,4.17,24251,87113,27.3
2025-04-01,4,APR,West,Fitness,Direct,155185,87990,55,2,4.49,10708,67195,43.3
2025-04-01,4,APR,West,Grocery,Marketplace,211413,145241,146,3,4.29,16067,66172,31.3
2025-04-01,4,APR,West,Home,Direct,241920,146845,69,2,4.25,16692,95075,39.3
2025-05-01,5,MAY,East,Beauty,Retail,147541,76574,70,2,4.42,11213,70967,48.1
2025-05-01,5,MAY,East,Electronics,Retail,249263,184205,40,2,4.18,18944,65058,26.1
2025-05-01,5,MAY,East,Fitness,Direct,126646,73328,45,1,4.5,8739,53318,42.1
2025-05-01,5,MAY,East,Grocery,Marketplace,168437,117737,116,2,4.3,12801,50700,30.1
2025-05-01,5,MAY,East,Home,Direct,191148,118321,55,2,4.26,13189,72827,38.1
2025-05-01,5,MAY,North,Beauty,Retail,171847,86095,82,2,4.42,13060,85752,49.9
2025-05-01,5,MAY,North,Electronics,Retail,300973,217002,49,2,4.18,22874,83971,27.9
2025-05-01,5,MAY,North,Fitness,Direct,145146,81427,52,2,4.5,10015,63719,43.9
2025-05-01,5,MAY,North,Grocery,Marketplace,198548,135211,137,3,4.3,15090,63337,31.9
2025-05-01,5,MAY,North,Home,Direct,227530,136746,65,2,4.26,15700,90784,39.9
2025-05-01,5,MAY,South,Beauty,Marketplace,159753,81953,76,2,4.38,12141,77800,48.7
2025-05-01,5,MAY,South,Electronics,Marketplace,273931,200791,44,2,4.14,20819,73140,26.7
2025-05-01,5,MAY,South,Fitness,Retail,136218,78053,49,2,4.5,10353,58165,42.7
2025-05-01,5,MAY,South,Grocery,Direct,183287,127018,126,2,4.34,12647,56269,30.7
2025-05-01,5,MAY,South,Home,Retail,208848,128024,60,2,4.26,15872,80824,38.7
2025-05-01,5,MAY,West,Beauty,Direct,190459,96563,91,2,4.42,13142,93896,49.3
2025-05-01,5,MAY,West,Electronics,Direct,332041,241394,54,2,4.18,22911,90647,27.3
2025-05-01,5,MAY,West,Fitness,Marketplace,161119,91354,58,2,4.46,12245,69765,43.3
2025-05-01,5,MAY,West,Grocery,Retail,219799,151002,152,3,4.34,16705,68797,31.3
2025-05-01,5,MAY,West,Home,Marketplace,251630,152739,72,3,4.22,19124,98891,39.3
2025-06-01,6,JUN,East,Beauty,Direct,147689,76651,70,2,4.43,10191,71038,48.1
2025-06-01,6,JUN,East,Electronics,Direct,249531,184403,40,2,4.19,17218,65128,26.1
2025-06-01,6,JUN,East,Fitness,Marketplace,126769,73399,45,1,4.47,9634,53370,42.1
2025-06-01,6,JUN,East,Grocery,Retail,168610,117858,116,2,4.35,12814,50752,30.1
2025-06-01,6,JUN,East,Home,Marketplace,191348,118444,55,2,4.23,14542,72904,38.1
2025-06-01,6,JUN,North,Beauty,Direct,172033,86189,82,2,4.43,11870,85844,49.9
2025-06-01,6,JUN,North,Electronics,Direct,301309,217244,49,2,4.19,20790,84065,27.9
2025-06-01,6,JUN,North,Fitness,Marketplace,145300,81513,52,2,4.47,11043,63787,43.9
2025-06-01,6,JUN,North,Grocery,Retail,198766,135360,137,2,4.35,15106,63406,31.9
2025-06-01,6,JUN,North,Home,Marketplace,227782,136897,65,2,4.23,17311,90885,39.9
2025-06-01,6,JUN,South,Beauty,Retail,159918,82038,76,2,4.43,12154,77880,48.7
2025-06-01,6,JUN,South,Electronics,Retail,274230,201011,44,2,4.19,20841,73219,26.7
2025-06-01,6,JUN,South,Fitness,Direct,136356,78132,49,2,4.51,9409,58224,42.7
2025-06-01,6,JUN,South,Grocery,Marketplace,183481,127152,127,3,4.31,13945,56329,30.7
2025-06-01,6,JUN,South,Home,Direct,209073,128162,60,2,4.27,14426,80911,38.7
2025-06-01,6,JUN,West,Beauty,Marketplace,190662,96666,91,3,4.39,14490,93996,49.3
2025-06-01,6,JUN,West,Electronics,Marketplace,332408,241661,54,3,4.15,25263,90747,27.3
2025-06-01,6,JUN,West,Fitness,Retail,161287,91450,58,2,4.51,12258,69837,43.3
2025-06-01,6,JUN,West,Grocery,Direct,220037,151165,152,3,4.35,15183,68872,31.3
2025-06-01,6,JUN,West,Home,Retail,251906,152907,72,2,4.27,19145,98999,39.3
2025-07-01,7,JUL,East,Beauty,Marketplace,145206,75362,69,2,4.4,11036,69844,48.1
2025-07-01,7,JUL,East,Electronics,Marketplace,245040,181085,40,2,4.16,18623,63955,26.1
2025-07-01,7,JUL,East,Fitness,Retail,124710,72207,45,1,4.52,9478,52503,42.1
2025-07-01,7,JUL,East,Grocery,Direct,165701,115825,114,2,4.36,11433,49876,30.1
2025-07-01,7,JUL,East,Home,Retail,187980,116360,54,2,4.28,14286,71620,38.1
2025-07-01,7,JUL,North,Beauty,Marketplace,168914,84626,80,2,4.4,12837,84288,49.9
2025-07-01,7,JUL,North,Electronics,Marketplace,295669,213177,48,2,4.16,22471,82492,27.9
2025-07-01,7,JUL,North,Fitness,Retail,142715,80063,51,2,4.52,10846,62652,43.9
2025-07-01,7,JUL,North,Grocery,Direct,195113,132872,135,2,4.36,13463,62241,31.9
2025-07-01,7,JUL,North,Home,Retail,223552,134355,64,2,4.28,16990,89197,39.9
2025-07-01,7,JUL,South,Beauty,Direct,157146,80616,75,2,4.44,10843,76530,48.7
2025-07-01,7,JUL,South,Electronics,Direct,269217,197336,43,2,4.2,18576,71881,26.7
2025-07-01,7,JUL,South,Fitness,Marketplace,134058,76815,48,2,4.48,10188,57243,42.7
2025-07-01,7,JUL,South,Grocery,Retail,180234,124902,124,2,4.36,13698,55332,30.7
2025-07-01,7,JUL,South,Home,Marketplace,205313,125857,59,2,4.24,15604,79456,38.7
2025-07-01,7,JUL,West,Beauty,Retail,187254,94938,89,2,4.44,14231,92316,49.3
2025-07-01,7,JUL,West,Electronics,Retail,326246,237181,53,2,4.2,24795,89065,27.3
2025-07-01,7,JUL,West,Fitness,Direct,158463,89849,57,2,4.52,10934,68614,43.3
2025-07-01,7,JUL,West,Grocery,Marketplace,216046,148424,149,3,4.32,16419,67622,31.3
2025-07-01,7,JUL,West,Home,Direct,247285,150102,71,2,4.28,17063,97183,39.3
2025-08-01,8,AUG,East,Beauty,Retail,153166,79493,73,2,4.46,11641,73673,48.1
2025-08-01,8,AUG,East,Electronics,Retail,259435,191722,42,2,4.22,19717,67713,26.1
2025-08-01,8,AUG,East,Fitness,Direct,131308,76027,47,1,4.54,9060,55281,42.1
2025-08-01,8,AUG,East,Grocery,Marketplace,175025,122342,121,2,4.34,13302,52683,30.1
2025-08-01,8,AUG,East,Home,Direct,198776,123042,57,2,4.3,13716,75734,38.1
2025-08-01,8,AUG,North,Beauty,Retail,178911,89634,85,2,4.46,13597,89277,49.9
2025-08-01,8,AUG,North,Electronics,Retail,313746,226211,51,2,4.22,23845,87535,27.9
2025-08-01,8,AUG,North,Fitness,Direct,151000,84711,54,2,4.54,10419,66289,43.9
2025-08-01,8,AUG,North,Grocery,Marketplace,206822,140846,143,3,4.34,15718,65976,31.9
2025-08-01,8,AUG,North,Home,Direct,237110,142503,68,2,4.3,16361,94607,39.9
2025-08-01,8,AUG,South,Beauty,Marketplace,166032,85174,79,2,4.42,12618,80858,48.7
2025-08-01,8,AUG,South,Electronics,Marketplace,285285,209114,46,2,4.18,21682,76171,26.7
2025-08-01,8,AUG,South,Fitness,Retail,141422,81035,51,2,4.54,10748,60387,42.7
2025-08-01,8,AUG,South,Grocery,Direct,190642,132115,131,2,4.38,13154,58527,30.7
2025-08-01,8,AUG,South,Home,Retail,217364,133244,62,2,4.3,16520,84120,38.7
2025-08-01,8,AUG,West,Beauty,Direct,198177,100476,94,2,4.46,13674,97701,49.3
2025-08-01,8,AUG,West,Electronics,Direct,345997,251540,56,3,4.22,23874,94457,27.3
2025-08-01,8,AUG,West,Fitness,Marketplace,167515,94981,60,2,4.5,12731,72534,43.3
2025-08-01,8,AUG,West,Grocery,Retail,228839,157212,158,3,4.38,17392,71627,31.3
2025-08-01,8,AUG,West,Home,Marketplace,262097,159093,75,3,4.26,19919,103004,39.3
2025-09-01,9,SEP,East,Beauty,Direct,159935,83006,76,2,4.47,11036,76929,48.1
2025-09-01,9,SEP,East,Electronics,Direct,271675,200768,44,2,4.23,18746,70907,26.1
2025-09-01,9,SEP,East,Fitness,Marketplace,136917,79275,49,2,4.51,10406,57642,42.1
2025-09-01,9,SEP,East,Grocery,Retail,182953,127884,126,2,4.39,13904,55069,30.1
2025-09-01,9,SEP,East,Home,Marketplace,207956,128725,59,2,4.27,15805,79231,38.1
2025-09-01,9,SEP,North,Beauty,Direct,187412,93893,89,2,4.47,12931,93519,49.9
2025-09-01,9,SEP,North,Electronics,Direct,329117,237293,53,2,4.23,22709,91824,27.9
2025-09-01,9,SEP,North,Fitness,Marketplace,158045,88663,56,2,4.51,12011,69382,43.9
2025-09-01,9,SEP,North,Grocery,Retail,216778,147626,150,3,4.39,16475,69152,31.9
2025-09-01,9,SEP,North,Home,Marketplace,248638,149431,71,3,4.27,18896,99207,39.9
2025-09-01,9,SEP,South,Beauty,Retail,173588,89051,83,2,4.47,13193,84537,48.7
2025-09-01,9,SEP,South,Electronics,Retail,298948,219129,48,2,4.23,22720,79819,26.7
2025-09-01,9,SEP,South,Fitness,Direct,147685,84624,53,2,4.55,10190,63061,42.7
2025-09-01,9,SEP,South,Grocery,Marketplace,199492,138248,138,3,4.35,15161,61244,30.7
2025-09-01,9,SEP,South,Home,Direct,227611,139526,65,2,4.31,15705,88085,38.7
2025-09-01,9,SEP,West,Beauty,Marketplace,207465,105185,99,3,4.43,15767,102280,49.3
2025-09-01,9,SEP,West,Electronics,Marketplace,362791,263749,59,3,4.19,27572,99042,27.3
2025-09-01,9,SEP,West,Fitness,Retail,175212,99345,63,2,4.55,13316,75867,43.3
2025-09-01,9,SEP,West,Grocery,Direct,239717,164686,165,3,4.39,16540,75031,31.3
2025-09-01,9,SEP,West,Home,Retail,274693,166739,78,3,4.31,20877,107954,39.3
2025-10-01,10,OCT,East,Beauty,Marketplace,168158,87274,80,2,4.44,12780,80884,48.1
2025-10-01,10,OCT,East,Electronics,Marketplace,286543,211755,46,2,4.2,21777,74788,26.1
2025-10-01,10,OCT,East,Fitness,Retail,143732,83221,51,2,4.56,10924,60511,42.1
2025-10-01,10,OCT,East,Grocery,Direct,192584,134616,133,2,4.4,13288,57968,30.1
2025-10-01,10,OCT,East,Home,Retail,219108,135628,63,2,4.32,16652,83480,38.1
2025-10-01,10,OCT,North,Beauty,Marketplace,197738,99067,94,3,4.44,15028,98671,49.9
2025-10-01,10,OCT,North,Electronics,Marketplace,347789,250756,56,3,4.2,26432,97033,27.9
2025-10-01,10,OCT,North,Fitness,Retail,166603,93464,60,2,4.56,12662,73139,43.9
2025-10-01,10,OCT,North,Grocery,Direct,228873,155863,158,3,4.4,15792,73010,31.9
2025-10-01,10,OCT,North,Home,Retail,262642,157848,75,3,4.32,19961,104794,39.9
2025-10-01,10,OCT,South,Beauty,Direct,182767,93759,87,2,4.48,12611,89008,48.7
2025-10-01,10,OCT,South,Electronics,Direct,315546,231295,51,2,4.24,21773,84251,26.7
2025-10-01,10,OCT,South,Fitness,Marketplace,155292,88982,55,2,4.52,11802,66310,42.7
2025-10-01,10,OCT,South,Grocery,Retail,210242,145698,145,3,4.4,15978,64544,30.7
2025-10-01,10,OCT,South,Home,Marketplace,240060,147157,69,2,4.28,18245,92903,38.7
2025-10-01,10,OCT,West,Beauty,Retail,218747,110905,104,3,4.48,16625,107842,49.3
2025-10-01,10,OCT,West,Electronics,Retail,383192,278581,62,3,4.24,29123,104611,27.3
2025-10-01,10,OCT,West,Fitness,Direct,184563,104647,66,2,4.56,12735,79916,43.3
2025-10-01,10,OCT,West,Grocery,Marketplace,252931,173764,174,3,4.36,19223,79167,31.3
2025-10-01,10,OCT,West,Home,Direct,289994,176026,83,3,4.32,20010,113968,39.3
2025-11-01,11,NOV,East,Beauty,Retail,181948,94431,87,2,4.49,13828,87517,48.1
2025-11-01,11,NOV,East,Electronics,Retail,311479,230183,50,2,4.25,23672,81296,26.1
2025-11-01,11,NOV,East,Fitness,Direct,155161,89838,55,2,4.57,10706,65323,42.1
2025-11-01,11,NOV,East,Grocery,Marketplace,208735,145906,144,3,4.37,15864,62829,30.1
2025-11-01,11,NOV,East,Home,Direct,237809,147204,68,2,4.33,16409,90605,38.1
2025-11-01,11,NOV,North,Beauty,Retail,215056,107743,102,3,4.49,16344,107313,49.9
2025-11-01,11,NOV,North,Electronics,Retail,379104,273334,61,3,4.25,28812,105770,27.9
2025-11-01,11,NOV,North,Fitness,Direct,180956,101516,65,2,4.57,12486,79440,43.9
2025-11-01,11,NOV,North,Grocery,Marketplace,249156,169675,172,3,4.37,18936,79481,31.9
2025-11-01,11,NOV,North,Home,Direct,286128,171963,82,3,4.33,19743,114165,39.9
2025-11-01,11,NOV,South,Beauty,Marketplace,198161,101657,94,3,4.45,15060,96504,48.7
2025-11-01,11,NOV,South,Electronics,Marketplace,343381,251698,55,3,4.21,26097,91683,26.7
2025-11-01,11,NOV,South,Fitness,Retail,168050,96293,60,2,4.57,12772,71757,42.7
2025-11-01,11,NOV,South,Grocery,Direct,228272,158192,157,3,4.41,15751,70080,30.7
2025-11-01,11,NOV,South,Home,Retail,260936,159954,75,3,4.33,19831,100982,38.7
2025-11-01,11,NOV,West,Beauty,Direct,237669,120498,113,3,4.49,16399,117171,49.3
2025-11-01,11,NOV,West,Electronics,Direct,417406,303454,67,3,4.25,28801,113952,27.3
2025-11-01,11,NOV,West,Fitness,Marketplace,200245,113539,72,2,4.53,15219,86706,43.3
2025-11-01,11,NOV,West,Grocery,Retail,275093,188989,190,3,4.41,20907,86104,31.3
2025-11-01,11,NOV,West,Home,Marketplace,315655,191603,90,3,4.29,23990,124052,39.3
2025-12-01,12,DEC,East,Beauty,Direct,194616,101006,93,2,4.5,13429,93610,48.1
2025-12-01,12,DEC,East,Electronics,Direct,334385,247111,54,2,4.26,23073,87274,26.1
2025-12-01,12,DEC,East,Fitness,Marketplace,165660,95917,59,2,4.54,12590,69743,42.1
2025-12-01,12,DEC,East,Grocery,Retail,223572,156277,154,3,4.42,16991,67295,30.1
2025-12-01,12,DEC,East,Home,Marketplace,254989,157838,73,3,4.3,19379,97151,38.1
2025-12-01,12,DEC,North,Beauty,Direct,230964,115713,110,3,4.5,15937,115251,49.9
2025-12-01,12,DEC,North,Electronics,Direct,407870,294074,66,3,4.26,28143,113796,27.9
2025-12-01,12,DEC,North,Fitness,Marketplace,194140,108913,69,2,4.54,14755,85227,43.9
2025-12-01,12,DEC,North,Grocery,Retail,267788,182364,185,3,4.42,20352,85424,31.9
2025-12-01,12,DEC,North,Home,Marketplace,307702,184929,88,3,4.3,23385,122773,39.9
2025-12-01,12,DEC,South,Beauty,Retail,212302,108911,101,3,4.5,16135,103391,48.7
2025-12-01,12,DEC,South,Electronics,Retail,368951,270441,60,3,4.26,28040,98510,26.7
2025-12-01,12,DEC,South,Fitness,Direct,179769,103008,64,2,4.58,12404,76761,42.7
2025-12-01,12,DEC,South,Grocery,Marketplace,244834,169670,169,3,4.38,18607,75164,30.7
2025-12-01,12,DEC,South,Home,Direct,280113,171709,80,3,4.34,19328,108404,38.7
2025-12-01,12,DEC,West,Beauty,Marketplace,255050,129310,121,3,4.46,19384,125740,49.3
2025-12-01,12,DEC,West,Electronics,Marketplace,448836,326304,72,3,4.22,34112,122532,27.3
2025-12-01,12,DEC,West,Fitness,Retail,214650,121707,77,2,4.58,16313,92943,43.3
2025-12-01,12,DEC,West,Grocery,Direct,295450,202974,204,4,4.42,20386,92476,31.3
2025-12-01,12,DEC,West,Home,Retail,339227,205911,97,3,4.34,25781,133316,39.3
